Season,Team,wage_bill_gbp_m,source_url
2018-19,Man United,332,https://www.planetfootball.com/quick-reads/how-every-pl-clubs-wage-bills-compared-to-their-2018-19-league-position
2018-19,Man City,315,https://www.planetfootball.com/quick-reads/how-every-pl-clubs-wage-bills-compared-to-their-2018-19-league-position
2018-19,Liverpool,310,https://www.planetfootball.com/quick-reads/how-every-pl-clubs-wage-bills-compared-to-their-2018-19-league-position
2018-19,Chelsea,286,https://www.planetfootball.com/quick-reads/how-every-pl-clubs-wage-bills-compared-to-their-2018-19-league-position
2018-19,Arsenal,232,https://www.planetfootball.com/quick-reads/how-every-pl-clubs-wage-bills-compared-to-their-2018-19-league-position
2018-19,Tottenham,179,https://www.planetfootball.com/quick-reads/how-every-pl-clubs-wage-bills-compared-to-their-2018-19-league-position
2018-19,Everton,160,https://www.planetfootball.com/quick-reads/how-every-pl-clubs-wage-bills-compared-to-their-2018-19-league-position
2018-19,Leicester,150,https://www.planetfootball.com/quick-reads/how-every-pl-clubs-wage-bills-compared-to-their-2018-19-league-position
2018-19,West Ham,136,https://www.planetfootball.com/quick-reads/how-every-pl-clubs-wage-bills-compared-to-their-2018-19-league-position
2018-19,Crystal Palace,119,https://www.planetfootball.com/quick-reads/how-every-pl-clubs-wage-bills-compared-to-their-2018-19-league-position
2018-19,Southampton,115,https://www.planetfootball.com/quick-reads/how-every-pl-clubs-wage-bills-compared-to-their-2018-19-league-position
2018-19,Bournemouth,111,https://www.planetfootball.com/quick-reads/how-every-pl-clubs-wage-bills-compared-to-their-2018-19-league-position
2018-19,Brighton,102,https://www.planetfootball.com/quick-reads/how-every-pl-clubs-wage-bills-compared-to-their-2018-19-league-position
2018-19,Newcastle,97,https://www.planetfootball.com/quick-reads/how-every-pl-clubs-wage-bills-compared-to-their-2018-19-league-position
2018-19,Fulham,93,https://www.planetfootball.com/quick-reads/how-every-pl-clubs-wage-bills-compared-to-their-2018-19-league-position
2018-19,Wolves,92,https://www.planetfootball.com/quick-reads/how-every-pl-clubs-wage-bills-compared-to-their-2018-19-league-position
2018-19,Burnley,87,https://www.planetfootball.com/quick-reads/how-every-pl-clubs-wage-bills-compared-to-their-2018-19-league-position
2018-19,Watford,84,https://www.planetfootball.com/quick-reads/how-every-pl-clubs-wage-bills-compared-to-their-2018-19-league-position
2018-19,Huddersfield,64,https://www.planetfootball.com/quick-reads/how-every-pl-clubs-wage-bills-compared-to-their-2018-19-league-position
2018-19,Cardiff,54,https://www.planetfootball.com/quick-reads/how-every-pl-clubs-wage-bills-compared-to-their-2018-19-league-position
